event,sex,athlete,nationality,date,time_raw,time_seconds,wind,auto_raw
10000m,men,William Howitt,GBR,1847-04-05,32:35.0[a],1955.0,,
10000m,men,Walter George,GBR,1882-03-25,32:09.0[b],1929.0,,
10000m,men,Walter George,GBR,1884-04-07,31:53.4[b],1913.4,,
10000m,men,Walter George,GBR,1884-07-28,31:40.0[b],1900.0,,
10000m,men,William Cummings,GBR,1885-09-28,31:23.1,1883.1,,
10000m,men,Alfred Shrubb,GBR,1904-11-05,31:02.4,1862.4,,
10000m,men,Jean Bouin,FRA,1911-11-16,30:58.8,1858.8,,
10000m,men,Paavo Nurmi,FIN,1921-06-22,30:40.2,1840.2,,
10000m,men,Ville Ritola,FIN,1924-05-25,30:35.4,1835.4,,
10000m,men,Ville Ritola,FIN,1924-07-06,30:23.2,1823.2,,
10000m,men,Paavo Nurmi,FIN,1924-08-31,30:06.2,1806.2,,
10000m,men,Ilmari Salminen,FIN,1937-07-18,30:05.6,1805.6,,
10000m,men,Taisto Mäki,FIN,1938-09-29,30:02.0,1802.0,,
10000m,men,Taisto Mäki,FIN,1939-09-17,29:52.6,1792.6,,
10000m,men,Viljo Heino,FIN,1944-08-25,29:35.4,1775.4,,
10000m,men,Emil Zátopek,TCH,1949-06-11,29:28.2,1768.2,,
10000m,men,Viljo Heino,FIN,1949-09-01,29:27.2,1767.2,,
10000m,men,Emil Zátopek,TCH,1949-10-22,29:21.2,1761.2,,
10000m,men,Emil Zátopek,TCH,1950-08-04,29:02.6,1742.6,,
10000m,men,Emil Zátopek,TCH,1953-11-01,29:01.6,1741.6,,
10000m,men,Emil Zátopek,TCH,1954-06-01,28:54.2,1734.2,,
10000m,men,Sandor Iharos,HUN,1956-07-15,28:42.8,1722.8,,
10000m,men,Vladimir Kuts,URS,1956-09-11,28:30.4,1710.4,,
10000m,men,Pyotr Bolotnikov,URS,1960-10-15,28:18.8,1698.8,,
10000m,men,Pyotr Bolotnikov,URS,1962-08-11,28:18.2,1698.2,,
10000m,men,Ron Clarke,AUS,1963-12-18,28:15.6,1695.6,,
10000m,men,Ron Clarke,AUS,1965-07-14,27:39.4,1659.4,,
10000m,men,Lasse Virén,FIN,1972-09-03,27:38.4,1658.4,,
10000m,men,David Bedford,GBR,1973-07-13,27:30.8,1650.8,,
10000m,men,Samson Kimobwa,KEN,1977-06-30,27:30.5,1650.5,,
10000m,men,Henry Rono,KEN,1978-06-11,27:22.4,1642.4,,
10000m,men,Fernando Mamede,POR,1984-07-02,27:13.81,1633.81,,
10000m,men,Arturo Barrios,MEX,1989-08-18,27:08.23,1628.23,,
10000m,men,Richard Chelimo,KEN,1993-07-05,27:07.91,1627.91,,
10000m,men,Yobes Ondieki,KEN,1993-07-10,26:58.38,1618.38,,
10000m,men,William Sigei,KEN,1994-07-22,26:52.23,1612.23,,
10000m,men,Haile Gebrselassie,ETH,1995-06-05,26:43.53,1603.53,,
10000m,men,Salah Hissou,MAR,1996-08-23,26:38.08,1598.08,,
10000m,men,Haile Gebrselassie,ETH,1997-07-04,26:31.32,1591.32,,
10000m,men,Paul Tergat,KEN,1997-08-22,26:27.85,1587.85,,
10000m,men,Haile Gebrselassie,ETH,1998-06-01,26:22.75,1582.75,,
10000m,men,Kenenisa Bekele,ETH,2004-06-08,26:20.31,1580.31,,
10000m,men,Kenenisa Bekele,ETH,2005-08-26,26:17.53,1577.53,,
10000m,men,Joshua Cheptegei,UGA,2020-10-07,26:11.00,1571.0,,
10000m,women,Gertrud Schmidt,GDR,1966-10-20,39:25.0,2365.0,,
10000m,women,Hannelore Middeke,GDR,1966-10-20,39:10.0,2350.0,,
10000m,women,Ann O'Brien,IRL,1967-03-26,38:06.4,2286.4,,
10000m,women,Paola Pigni,ITA,1970-05-09,35:30.5,2130.5,,
10000m,women,Kathy Gibbons,USA,1971-06-12,34:51.0,2091.0,,
10000m,women,Julie Brown,USA,1975-03-29,35:00.4,2100.4,,
10000m,women,Christa Vahlensieck,FRG,1975-08-20,34:01.4,2041.4,,
10000m,women,Loa Olafsson,DEN,1977-03-19,33:34.1,2014.1,,
10000m,women,Peg Neppel,USA,1977-06-09,33:15.09,1995.09,,
10000m,women,Natalia Mărăşescu,ROM,1978-01-22,32:43.2,1963.2,,
10000m,women,Olga Krentser,URS,1981-08-07,32:30.80,1950.8,,
10000m,women,Yelena Sipatova,URS,1981-10-19,32:17.20,1937.2,,
10000m,women,Mary Decker-Slaney,USA,1982-07-16,31:35.3,1895.3,,
10000m,women,Lyudmila Baranova,URS,1983-05-29,31:35.01,1895.01,,
10000m,women,Raisa Sadreydinova,URS,1983-09-07,31:27.58,1887.58,,
10000m,women,Olga Bondarenko,URS,1984-06-24,31:13.78,1873.78,,
10000m,women,Ingrid Kristiansen,NOR,1985-07-27,30:59.42,1859.42,,
10000m,women,Ingrid Kristiansen,NOR,1986-07-05,30:13.74,1813.74,,
10000m,women,Wang Junxia,CHN,1993-09-08,29:31.78,1771.78,,
10000m,women,Almaz Ayana,ETH,2016-08-12,29:17.45,1757.45,,
10000m,women,Sifan Hassan,NED,2021-06-06,29:06.82,1746.82,,
10000m,women,Letesenbet Gidey,ETH,2021-06-08,29:01.03,1741.03,,
10000m,women,Beatrice Chebet,KEN,2024-05-25,28:54.14,1734.14,,
100m,men,Donald Lippincott,United States,1912-07-06,10.6,10.6,,
100m,men,Jackson Scholz,United States,1920-09-16,10.6,10.6,,
100m,men,Charley Paddock,United States,1921-04-23,10.4,10.4,,
100m,men,Eddie Tolan,United States,1929-08-08,10.4,10.4,0.0,
100m,men,Eddie Tolan,United States,1929-08-25,10.4,10.4,,
100m,men,Percy Williams,Canada,1930-08-09,10.3,10.3,,
100m,men,Eddie Tolan,United States,1932-08-01,10.3,10.3,0.4,10.38
100m,men,Ralph Metcalfe,United States,1933-08-12,10.3,10.3,,
100m,men,Eulace Peacock,United States,1934-08-06,10.3,10.3,,
100m,men,Chris Berger,Netherlands,1934-08-26,10.3,10.3,,
100m,men,Ralph Metcalfe,United States,1934-09-15,10.3,10.3,,
100m,men,Ralph Metcalfe,United States,1934-09-23,10.3,10.3,2.0,
100m,men,Takayoshi Yoshioka,Japan,1935-06-15,10.3,10.3,2.5,
100m,men,Jesse Owens,United States,1936-06-20,10.2,10.2,1.2,
100m,men,Harold Davis,United States,1941-06-06,10.2,10.2,-0.9,
100m,men,Lloyd LaBeach,Panama,1948-05-15,10.2,10.2,0.7,
100m,men,Barney Ewell,United States,1948-07-09,10.2,10.2,,10.35
100m,men,McDonald Bailey,Great Britain,1951-08-25,10.2,10.2,0.0,
100m,men,Heinz Fütterer,West Germany,1954-10-31,10.2,10.2,1.1,
100m,men,Bobby Morrow,United States,1956-05-19,10.2,10.2,0.9,
100m,men,Ira Murchison,United States,1956-06-01,10.2,10.2,-1.0,
100m,men,Bobby Morrow,United States,1956-06-22,10.2,10.2,0.0,
100m,men,Ira Murchison,United States,1956-06-29,10.2,10.2,-1.3,
100m,men,Bobby Morrow,United States,1956-06-29,10.2,10.2,-0.4,
100m,men,Willie Williams,United States,1956-08-03,10.1,10.1,0.7,
100m,men,Ira Murchison,United States,1956-08-04,10.1,10.1,1.0,
100m,men,Leamon King,United States,1956-10-20,10.1,10.1,1.5,
100m,men,Leamon King,United States,1956-10-27,10.1,10.1,0.9,
100m,men,Ray Norton,United States,1959-04-18,10.1,10.1,1.3,
100m,men,Bob Hayes,United States,1964-10-15,10.06,10.06,1.3,
100m,men,Jim Hines,United States,1968-06-20,10.03,10.03,0.8,
100m,men,Charles Greene,United States,1968-10-13,10.02,10.02,2.0,
100m,men,Jim Hines,United States,1968-10-14,9.95,9.95,0.3,
100m,men,Calvin Smith,United States,1983-07-03,9.93,9.93,1.4,
100m,men,Carl Lewis,United States,1987-08-30,9.93,9.93,1.0,
100m,men,Carl Lewis,United States,1988-08-17,9.93,9.93,1.1,
100m,men,Carl Lewis,United States,1988-09-24,9.92,9.92,1.1,
100m,men,Leroy Burrell,United States,1991-06-14,9.9,9.9,1.9,
100m,men,Carl Lewis,United States,1991-08-25,9.86,9.86,1.0,
100m,men,Leroy Burrell,United States,1994-07-06,9.85,9.85,1.2,9848.0
100m,men,Donovan Bailey,Canada,1996-07-27,9.84,9.84,0.7,9835.0
100m,men,Maurice Greene,United States,1999-06-16,9.79,9.79,0.1,
100m,men,Tim Montgomery,United States,2002-09-14,9.78,9.78,2.0,
100m,men,Asafa Powell,Jamaica,2005-06-14,9.77,9.77,1.6,9768.0
100m,men,Justin Gatlin,United States,2006-05-12,9.77,9.77,1.7,9766.0
100m,men,Asafa Powell,Jamaica,2006-06-11,9.77,9.77,1.5,9763.0
100m,men,Asafa Powell,Jamaica,2006-08-18,9.77,9.77,1.0,9762.0
100m,men,Asafa Powell,Jamaica,2007-09-09,9.74,9.74,1.7,9735.0
100m,men,Usain Bolt,Jamaica,2008-05-31,9.72,9.72,1.7,9715.0
100m,men,Usain Bolt,Jamaica,2008-08-16,9.69,9.69,0.0,9683.0
100m,men,Usain Bolt,Jamaica,2009-08-16,9.58,9.58,0.9,9572.0
100m,women,Marie Mejzlíková,Czechoslovakia,1922-08-05,13.6,13.6,,
100m,women,Mary Lines,United Kingdom,1922-08-20,12.8,12.8,,
100m,women,Marie Mejzlíková,Czechoslovakia,1923-05-13,12.8,12.8,,
100m,women,Emmi Haux,Germany,1923-05-21,"12.7
(110y)",12.7,,
100m,women,Leni Schmidt,Germany,1925-08-30,12.4,12.4,,
100m,women,Leni Junker,Germany,1925-09-13,"12.2
(110y)",12.2,,
100m,women,Gundel Wittmann,Germany,1926-08-22,12.4,12.4,,
100m,women,Leni Junker,Germany,1926-08-29,12.2,12.2,,
100m,women,Gertrud Gladitsch,Germany,1927-07-03,"12.1
(110y)",12.1,,
100m,women,Kinue Hitomi,Japan,1928-05-20,12.2,12.2,,
100m,women,Betty Robinson,United States,1928-06-02,12.0,12.0,,
100m,women,Myrtle Cook,Canada,1928-07-02,12.0,12.0,,
100m,women,Tollien Schuurman,Netherlands,1930-08-31,12.0,12.0,,
100m,women,Leni Junker,Germany,1931-08-01,12.0,12.0,,
100m,women,Tollien Schuurman,Netherlands,1932-06-05,11.9,11.9,,
100m,women,Stanisława Walasiewicz,Poland,1932-08-01,11.9,11.9,,
100m,women,Hilda Strike,Canada,1932-08-02,11.9,11.9,,
100m,women,Stanisława Walasiewicz,Poland,1933-09-17,11.8,11.8,,
100m,women,Helen Stephens,United States,1935-06-01,11.8,11.8,,
100m,women,Helen Stephens,United States,1935-06-08,11.6,11.6,,
100m,women,Helen Stephens,United States,1936-08-10,11.5,11.5,,
100m,women,Stanisława Walasiewicz,Poland,1937-08-01,11.6,11.6,,
100m,women,Lulu Mae Hymes,United States,1939-05-06,11.5,11.5,,
100m,women,Rowena Harrison,United States,1939-05-06,11.5,11.5,,
100m,women,Fanny Blankers-Koen,Netherlands,1943-09-05,11.5,11.5,,
100m,women,Fanny Blankers-Koen,Netherlands,1948-06-13,11.5,11.5,,
100m,women,Marjorie Jackson,Australia,1952-07-22,11.5,11.5,1.7,11.65
100m,women,Marjorie Jackson,Australia,1952-10-04,11.4,11.4,1.7,
100m,women,Shirley Strickland,Australia,1955-08-04,11.3,11.3,1.4,
100m,women,Vera Krepkina,Soviet Union,1958-09-13,11.3,11.3,1.4,
100m,women,Wilma Rudolph,United States,1960-09-02,11.3,11.3,0.8,11.41
100m,women,Wilma Rudolph,United States,1961-07-19,11.2,11.2,0.7,
100m,women,Wyomia Tyus,United States,1964-10-15,11.2,11.2,0.2,11.23
100m,women,Ewa Klobukowska,Poland,1965-07-09,11.1,11.1,2.0,
100m,women,Irena Kirszenstein,Poland,1965-07-09,11.1,11.1,2.0,
100m,women,Wyomia Tyus,United States,1965-07-31,11.1,11.1,0.2,
100m,women,Barbara Ferrell,United States,1967-07-02,11.1,11.1,0.3,
100m,women,Wyomia Tyus,United States,1968-04-21,11.1,11.1,,
100m,women,Lyudmila Samotyosova,Soviet Union,1968-08-15,11.1,11.1,0.0,
100m,women,Margaret Bailes,United States,1968-08-18,11.1,11.1,,
100m,women,Irena Szewińska,Poland,1968-10-14,11.1,11.1,1.8,11.2
100m,women,Barbara Ferrell,United States,1968-10-14,11.1,11.1,,
100m,women,Wyomia Tyus,United States,1968-10-15,11.07,11.07,1.2,
100m,women,Renate Stecher,East Germany,1972-09-02,11.07,11.07,0.2,
100m,women,Inge Helten,West Germany,1976-06-13,11.04,11.04,0.6,
100m,women,Annegret Richter,West Germany,1976-07-25,11.01,11.01,0.6,
100m,women,Marlies Oelsner,East Germany,1977-07-01,10.88,10.88,2.0,
100m,women,Marlies Göhr,East Germany,1982-07-09,10.88,10.88,1.9,
100m,women,Marlies Göhr,East Germany,1983-06-08,10.81,10.81,1.7,
100m,women,Evelyn Ashford,United States,1983-07-03,10.79,10.79,0.6,
100m,women,Evelyn Ashford,United States,1984-08-22,10.76,10.76,1.7,
100m,women,Florence Griffith-Joyner,United States,1988-07-17,10.70,10.7,1.6,
100m,women,Elaine Thompson-Herah,Jamaica,2021-07-31,10.61,10.61,-0.6,
100m,women,Florence Griffith-Joyner,United States,2021-07-31,10.61,10.61,1.2,
100m,women,Elaine Thompson-Herah,Jamaica,2021-08-21,10.54,10.54,0.9,
1500m,men,Fernand Meiers,FRA,1893-05-28,04:21:00,261.0,,
1500m,men,Felix Bourdier,FRA,1894-07-22,?4:19+4/5?,4.0,,
1500m,men,Albin Lermusiaux,FRA,1895-05-12,?4:18+2/5?,4.0,,
1500m,men,Michel Soalhat,FRA,1895-05-26,?4:16+4/5?,4.0,,
1500m,men,Thomas Conneff,USA,1895-08-26,?4:15+3/5?,4.0,,
1500m,men,Albin Lermusiaux,FRA,1896-06-26,?4:10+2/5?,4.0,,
1500m,men,John Bray,USA,1900-05-30,04:09:00,249.0,,
1500m,men,Charles Bennett,GBR,1900-07-15,?4:06+1/5?,4.0,,
1500m,men,James Lightbody,USA,1904-09-03,?4:05+2/5?,4.0,,
1500m,men,Harold Wilson,GBR,1908-05-30,?3:59+4/5?,3.0,,
1500m,men,Abel Kiviat,USA,1912-05-26,?3:59+1/5?,3.0,,
1500m,men,Abel Kiviat,USA,1912-06-01,?3:56+4/5?,3.0,,
1500m,men,Abel Kiviat,USA,1912-06-08,3:55.8,235.8,,
1500m,men,John Zander,SWE,1917-08-05,3:54.7,234.7,,
1500m,men,Paavo Nurmi,FIN,1924-06-19,3:52.6,232.6,,
1500m,men,Otto Peltzer,GER,1926-09-11,3:51.0,231.0,,
1500m,men,Jules Ladoumegue,FRA,1930-10-05,3:49.2,229.2,,
1500m,men,Luigi Beccali,ITA,1933-09-09,3:49.2,229.2,,
1500m,men,Luigi Beccali,ITA,1933-09-17,3:49.0,229.0,,
1500m,men,Bill Bonthron,USA,1934-06-30,3:48.8,228.8,,
1500m,men,Jack Lovelock,NZL,1936-08-06,3:47.8,227.8,,
1500m,men,Gunder Hägg,SWE,1941-08-10,3:47.6,227.6,,
1500m,men,Gunder Hägg,SWE,1942-07-17,3:45.8,225.8,,
1500m,men,Arne Andersson,SWE,1943-08-17,3:45.0,225.0,,
1500m,men,Gunder Hägg,SWE,1944-07-07,3:43.0,223.0,,
1500m,men,Lennart Strand,SWE,1947-07-15,3:43.0,223.0,,
1500m,men,Werner Lueg,FRG,1952-06-29,3:43.0,223.0,,
1500m,men,Wes Santee,USA,1954-06-04,3:42.8+,222.8,,
1500m,men,John Landy,AUS,1954-06-21,3:41.8+,221.8,,
1500m,men,Sándor Iharos,HUN,1955-07-28,3:40.8,220.8,,
1500m,men,László Tábori,HUN,1955-09-06,3:40.8,220.8,,
1500m,men,Gunnar Nielsen,DEN,1955-09-06,3:40.8,220.8,,
1500m,men,István Rózsavölgyi,HUN,1956-08-03,3:40.6,220.6,,
1500m,men,Olavi Salsola,FIN,1957-07-11,3:40.2,220.2,,
1500m,men,Olavi Salonen,FIN,1957-07-11,3:40.2,220.2,,
1500m,men,Stanislav Jungwirth,TCH,1957-07-12,3:38.1,218.1,,
1500m,men,Herb Elliott,AUS,1958-08-28,3:36.0,216.0,,
1500m,men,Herb Elliott,AUS,1960-09-06,3:35.6,215.6,,
1500m,men,Jim Ryun,USA,1967-07-08,3:33.1,213.1,,
1500m,men,Filbert Bayi,TAN,1974-02-02,3:32.2,212.2,,3:32.16
1500m,men,Sebastian Coe,GBR,1979-08-15,3:32.1,212.1,,3:32.03
1500m,men,Steve Ovett,GBR,1980-07-15,3:32.1,212.1,,3:32.09
1500m,men,Steve Ovett,GBR,1980-08-27,3:31.4,211.4,,3:31.36
1500m,men,Sydney Maree,USA,1983-08-28,3:31.24,211.24,,
1500m,men,Steve Ovett,GBR,1983-09-04,3:30.77,210.77,,
1500m,men,Steve Cram,GBR,1985-07-16,3:29.67,209.67,,
1500m,men,Saïd Aouita,MAR,1985-08-23,3:29.46,209.46,,
1500m,men,Noureddine Morceli,ALG,1992-09-06,3:28.86,208.86,,
1500m,men,Noureddine Morceli,ALG,1995-07-12,3:27.37,207.37,,
1500m,men,Hicham El Guerrouj,MAR,1998-07-14,3:26.00,206.0,,
1500m,women,Anna Mushkina,URS,1927-08-19,5:18.2,318.2,,
1500m,women,Anna Mushkina,URS,1934-09-16,5:07.0,307.0,,
1500m,women,Lydia Freiberg,URS,1936-07-13,5:02.0,302.0,,
1500m,women,Yevdokiya Vasilyeva,URS,1936-07-30,4:47.2,287.2,,
1500m,women,Yevdokiya Vasilyeva,URS,1937-09-13,4:45.2,285.2,,
1500m,women,Anna Zaytseva-Bosenko,URS,1940-06-10,4:41.8,281.8,,
1500m,women,Yevdokiya Vasilyeva,URS,1944-08-17,4:38.0,278.0,,
1500m,women,Olga Ovsyannikova,URS,1946-09-15,4:37.8,277.8,,
1500m,women,Nina Pletnyova,URS,1952-08-30,4:37.0,277.0,,
1500m,women,Phyllis Perkins,GBR,1956-05-17,4:35.4,275.4,,
1500m,women,Diane Leather,GBR,1957-05-16,4:30.0,270.0,,
1500m,women,Diane Leather,GBR,1957-07-19,4:29.7+,269.7,,
1500m,women,Marise Chamberlain,NZL,1962-12-08,4:19.0+,259.0,,
1500m,women,Anne Smith,GBR,1967-06-03,4:17.3+,257.3,,
1500m,women,Maria Gommers,NED,1967-10-24,4:15.6,255.6,,
1500m,women,Paola Pigni,ITA,1969-07-02,4:12.4,252.4,,
1500m,women,Jaroslava Jehličková,CZE,1969-09-20,4:10.7,250.7,,4:10.77
1500m,women,Karin Burneleit,GDR,1971-08-15,4:09.6,249.6,,4:09.62
1500m,women,Ludmila Bragina,URS,1972-07-18,4:06.9,246.9,,
1500m,women,Ludmila Bragina,URS,1972-09-04,4:06.5,246.5,,4:06.47
1500m,women,Ludmila Bragina,URS,1972-09-07,4:05.1,245.1,,4:05.07
1500m,women,Ludmila Bragina,URS,1972-09-09,4:01.4,241.4,,4:01.38
1500m,women,Tatyana Kazankina,URS,1976-06-28,3:56.0,236.0,,
1500m,women,Tatyana Kazankina,URS,1980-07-06,3:55.0,235.0,,
1500m,women,Tatyana Kazankina,URS,1980-08-03,3:52.47,232.47,,
1500m,women,Qu Yunxia,CHN,1993-09-11,3:50.46,230.46,,
1500m,women,Genzebe Dibaba,ETH,2015-07-17,3:50.07,230.07,,
1500m,women,Faith Kipyegon,KEN,2023-06-02,3:49.11,229.11,,
1500m,women,Faith Kipyegon,KEN,2024-07-07,3:49.04,229.04,,
1500m,women,Faith Kipyegon,KEN,2025-07-05,3:48.68,228.68,,
200m,men,Andy Stanfield,United States,1951-05-26,20.6y,20.6,,
200m,men,Andy Stanfield,United States,1952-06-28,20.6,20.6,,
200m,men,Thane Baker,United States,1956-06-23,20.6,20.6,0.0,
200m,men,Bobby Morrow,United States,1956-11-27,20.6,20.6,,20.75
200m,men,Manfred Germar,West Germany,1958-10-01,20.6,20.6,,
200m,men,Ray Norton,United States,1960-03-19,20.6y,20.6,-1.6,
200m,men,Ray Norton,United States,1960-04-30,20.6,20.6,,
200m,men,Peter Radford,United Kingdom,1960-05-28,20.5y,20.5,,
200m,men,Stone Johnson,United States,1960-07-02,20.5,20.5,0.0,20.75
200m,men,Ray Norton,United States,1960-07-02,20.5,20.5,0.0,
200m,men,Livio Berruti,Italy,1960-09-03,20.5,20.5,0.0,20.62
200m,men,Livio Berruti,Italy,1960-09-03,20.5,20.5,,20.65
200m,men,Paul Drayton,United States,1962-06-23,20.5y,20.5,-1.1,20.67
200m,men,Henry Carr,United States,1963-03-23,20.3y,20.3,-0.1,
200m,men,Henry Carr,United States,1964-04-04,20.2y,20.2,0.5,
200m,men,Tommie Smith,United States,1966-06-11,20.0y,20.0,0.0,
200m,men,Tommie Smith,United States,1968-10-16,19.83 A,19.83,0.9,
200m,men,Pietro Mennea,Italy,1979-09-12,19.72 A,19.72,1.8,
200m,men,Michael Johnson,United States,1996-06-23,19.66,19.66,1.7,
200m,men,Michael Johnson,United States,1996-08-01,19.32,19.32,0.4,19313.0
200m,men,Usain Bolt,Jamaica,2008-08-20,19.30,19.3,-0.9,19296.0
200m,men,Usain Bolt,Jamaica,2009-08-20,19.19,19.19,-0.3,19190.0
200m,women,Alice Cast,United Kingdom,1922-08-20,27.8+,27.8,,
200m,women,Mary Lines,United Kingdom,1922-09-23,26.8y,26.8,,
200m,women,Eileen Edwards,United Kingdom,1924-08-20,26.2y,26.2,,
200m,women,Eileen Edwards,United Kingdom,1926-10-03,26.0,26.0,,
200m,women,Eileen Edwards,United Kingdom,1927-06-12,25.4,25.4,,
200m,women,Tollien Schuurman,Netherlands,1933-08-13,24.6,24.6,,
200m,women,Stanislawa Walasiewicz,Poland,1935-08-04,23.6,23.6,,
200m,women,Marjorie Jackson,Australia,1952-07-25,23.6,23.6,,23.73
200m,women,Marjorie Jackson,Australia,1952-07-25,23.4,23.4,,23.59
200m,women,Betty Cuthbert,Australia,1956-09-16,23.2,23.2,,
200m,women,Betty Cuthbert,Australia,1960-03-07,23.2y,23.2,,
200m,women,Wilma Rudolph,United States,1960-07-09,22.9,22.9,1.4,
200m,women,Margaret Burvill,Australia,1964-02-22,22.9y,22.9,0.0,
200m,women,Irena Szewińska,Poland,1965-08-08,22.7,22.7,0.8,
200m,women,Irena Szewińska,Poland,1968-10-18,22.5A,22.5,2.0,22.58A
200m,women,Chi Cheng,Taiwan,1970-07-12,22.4,22.4,0.8,22.62
200m,women,Renate Stecher,East Germany,1972-09-07,22.4,22.4,1.1,22.40
200m,women,Irena Szewińska,Poland,1974-06-13,22.21,22.21,1.9,
200m,women,Marita Koch,East Germany,1978-05-28,22.06,22.06,1.2,
200m,women,Marita Koch,East Germany,1979-06-03,22.02,22.02,-1.4,
200m,women,Marita Koch,East Germany,1979-06-10,21.71,21.71,0.7,
200m,women,Marita Koch,East Germany,1984-07-21,21.71,21.71,0.3,
200m,women,Heike Drechsler,East Germany,1986-06-29,21.71,21.71,1.9,
200m,women,Heike Drechsler,East Germany,1986-08-29,21.71,21.71,-0.8,
200m,women,Florence Griffith-Joyner,United States,1988-09-29,21.56,21.56,1.7,
200m,women,Florence Griffith-Joyner,United States,1988-09-29,21.34,21.34,1.2,
3000m,men,Louis de Fleurac,FRA,1904-06-19,9:02.4,542.4,,
3000m,men,Edward Dahl,SWE,1907-10-27,8:55.0,535.0,,
3000m,men,John Svanberg,SWE,1908-08-21,8:54.0,534.0,,
3000m,men,Jean Bouin,FRA,1911-06-11,8:49.6,529.6,,
3000m,men,Hannes Kolehmainen,FIN,1911-09-24,8:48.5,528.5,,
3000m,men,Bror Fock,SWE,1912-05-24,8:46.6,526.6,,
3000m,men,Hannes Kolehmainen,FIN,1912-07-12,8:36.8,516.8,,
3000m,men,John Zander,SWE,1918-08-07,8:33.2,513.2,,
3000m,men,Paavo Nurmi,FIN,1922-08-27,8:28.6,508.6,,
3000m,men,Edvin Wide,SWE,1925-06-07,8:27.6,507.6,,
3000m,men,Paavo Nurmi,FIN,1926-05-24,8:25.4,505.4,,
3000m,men,Paavo Nurmi,FIN,1926-07-13,8:20.4,500.4,,
3000m,men,Janusz Kusociński,POL,1932-06-19,8:18.8,498.8,,
3000m,men,Henry Nielsen,DEN,1934-07-24,8:18.4,498.4,,
3000m,men,Gunnar Höckert,FIN,1936-09-16,8:14.8,494.8,,
3000m,men,Henry Kälarne,SWE,1940-08-14,8:09.0,489.0,,
3000m,men,Gunder Hägg,SWE,1942-08-28,8:01.2,481.2,,
3000m,men,Gaston Reiff,BEL,1949-08-12,7:58.8,478.8,,
3000m,men,Sándor Iharos,HUN,1955-05-14,7:55.6,475.6,,
3000m,men,Gordon Pirie,ENG,1956-06-22,7:55.6,475.6,,
3000m,men,Gordon Pirie,ENG,1956-09-04,7:52.8,472.8,,
3000m,men,Michel Jazy,FRA,1962-06-27,7:49.2,469.2,,
3000m,men,Michel Jazy,FRA,1965-06-23,7:49.0+,469.0,,
3000m,men,Siegfried Herrmann,GDR,1965-08-05,7:46.0,466.0,,
3000m,men,Kipchoge Keino,KEN,1965-08-27,7:39.6,459.6,,
3000m,men,Emiel Puttemans,BEL,1972-09-14,7:37.6,457.6,,
3000m,men,Brendan Foster,GBR,1974-08-03,7:35.2,455.2,,
3000m,men,Henry Rono,KEN,1978-06-27,7:32.1,452.1,,
3000m,men,Saïd Aouita,MAR,1989-08-20,7:29.45,449.45,,
3000m,men,Moses Kiptanui,KEN,1992-08-16,7:28.96,448.96,,
3000m,men,Noureddine Morceli,ALG,1994-08-02,7:25.11,445.11,,
3000m,men,Daniel Komen,KEN,1996-09-01,7:20.67,440.67,,
3000m,men,Jakob Ingebrigtsen,NOR,2024-08-25,7:17.55,437.55,,
3000m,women,Phyllis Perkins,GBR,1954-05-22,10:56.0,656.0,,
3000m,women,Phyllis Perkins,GBR,1955-06-25,10:55.2,655.2,,
3000m,women,Leila Buckland,GBR,1955-08-27,10:25.8,625.8,,
3000m,women,June Bridgland,GBR,1956-08-25,10:16.2,616.2,,
3000m,women,Phyllis Perkins,GBR,1956-10-27,10:16.0,616.0,,
3000m,women,Roberta Picco,CAN,1966-07-23,9:44.0,584.0,,
3000m,women,Paola Pigni,ITA,1969-05-11,9:42.8,582.8,,
3000m,women,Paola Pigni,ITA,1969-09-02,9:38.0,578.0,,
3000m,women,Doris Brown,USA,1971-07-10,9:26.9,566.9,,
3000m,women,Joyce Smith,GBR,1971-07-16,9:23.4,563.4,,
3000m,women,Paola Pigni,ITA,1972-05-11,9:09.2,549.2,,
3000m,women,Lyudmila Bragina,URS,1972-08-12,8:53.0,533.0,,
3000m,women,Lyudmila Bragina,URS,1974-07-06,8:52.8*,532.8,,
3000m,women,Grete Andersen-Waitz,NOR,1975-06-24,8:46.6,526.6,,
3000m,women,Grete Waitz,NOR,1976-06-21,8:45.4,525.4,,
3000m,women,Lyudmila Bragina,URS,1976-08-07,8:27.2*,507.2,,
3000m,women,Svetlana Ulmasova,URS,1982-07-25,8:26.78,506.78,,
3000m,women,Tatyana Kazankina,URS,1984-08-26,8:22.62,502.62,,
3000m,women,Zhang Linli,CHN,1993-09-12,8:22.06,502.06,,
3000m,women,Wang Junxia,CHN,1993-09-12,8:12.19,492.19,,
3000m,women,Wang Junxia,CHN,1993-09-13,8:06.11,486.11,,
400m,men,Maxie Long,United States,1900-09-29,47.8y,47.8,,
400m,men,Charles Reidpath,United States,1912-07-13,48.2,48.2,,
400m,men,Ted Meredith,United States,1916-05-27,47.4y,47.4,,
400m,men,Eric Liddell,United Kingdom,1924-07-11,47.6,47.6,,
400m,men,Emerson Spencer,United States,1928-05-12,47.0,47.0,,
400m,men,Ben Eastman,United States,1932-03-26,46.4y,46.4,,
400m,men,Bill Carr,United States,1932-08-05,46.2,46.2,,46.28
400m,men,Archie Williams,United States,1936-06-19,46.1,46.1,,
400m,men,Rudolf Harbig,Germany,1939-08-12,46.0,46.0,,
400m,men,Grover Klemmer,United States,1941-06-06,46.0,46.0,,
400m,men,Herb McKenley,Jamaica,1948-06-05,46.0y,46.0,,
400m,men,Herb McKenley,Jamaica,1948-07-02,45.9,45.9,,46.0
400m,men,George Rhoden,Jamaica,1950-08-22,45.8,45.8,,
400m,men,Lou Jones,United States,1955-03-18,45.4A,45.4,,45.68
400m,men,Lou Jones,United States,1956-06-30,45.2,45.2,,
400m,men,Otis Davis,United States,1960-09-06,44.9,44.9,,45.07
400m,men,Carl Kaufmann,Germany,1960-09-06,44.9,44.9,,45.08
400m,men,Adolph Plummer,United States,1963-05-25,44.9y,44.9,,
400m,men,Mike Larrabee,United States,1964-09-12,44.9,44.9,,
400m,men,Tommie Smith,United States,1967-05-20,44.5+,44.5,,
400m,men,Larry James,United States,1968-09-14,44.1A,44.1,,44.19
400m,men,Lee Evans,United States,1968-10-18,43.86Â A,43.86,,
400m,men,Butch Reynolds,United States,1988-08-17,43.29,43.29,,
400m,men,Michael Johnson,United States,1999-08-26,43.18,43.18,,
400m,men,Wayde van Niekerk,South Africa,2016-08-14,43.03,43.03,,
400m,women,Marlene Mathews,Australia,1957-01-06,57.0y,57.0,,
400m,women,Marise Chamberlain,New Zealand,1957-02-16,57.0y,57.0,,
400m,women,Nancy Boyle,Australia,1957-02-24,56.3y,56.3,,
400m,women,Polina Lazareva,Soviet Union,1957-05-10,55.2,55.2,,
400m,women,Mariya Itkina,Soviet Union,1957-06-08,54.0,54.0,,
400m,women,Mariya Itkina,Soviet Union,1957-07-06,53.6,53.6,,
400m,women,Mariya Itkina,Soviet Union,1959-09-12,53.4+,53.4,,
400m,women,Mariya Itkina,Soviet Union,1962-09-14,53.4,53.4,,
400m,women,Shin Geum-Dan,North Korea,1962-10-23,51.9,51.9,,
400m,women,Nicole Duclos,France,1969-09-18,51.7,51.7,,51.72
400m,women,Colette Besson,France,1969-09-18,51.7,51.7,,51.74
400m,women,Marilyn Neufville,Jamaica,1970-07-23,51.0,51.0,,51.02
400m,women,Monika Zehrt,East Germany,1972-07-04,51.0,51.0,,51.08
400m,women,Riitta Salin,Finland,1974-09-04,50.14,50.14,,
400m,women,Christina Brehmer,East Germany,1976-05-09,49.77,49.77,,
400m,women,Irena Szewińska,Poland,1976-06-22,49.75,49.75,,
400m,women,Irena Szewińska,Poland,1976-07-29,49.29,49.29,,
400m,women,Marita Koch,East Germany,1978-07-02,49.19,49.19,,
400m,women,Marita Koch,East Germany,1978-08-19,49.03,49.03,,
400m,women,Marita Koch,East Germany,1978-08-31,48.94,48.94,,
400m,women,Marita Koch,East Germany,1979-07-29,48.89,48.89,,
400m,women,Marita Koch,East Germany,1979-08-04,48.60,48.6,,
400m,women,Marita Koch,East Germany,1982-09-08,48.16,48.16,,
400m,women,Jarmila Kratochvílová,Czechoslovakia,1983-08-10,47.99,47.99,,
400m,women,Marita Koch,East Germany,1985-10-06,47.60*,47.6,,
4x100m_relays,men,Otto Röhr; Max Herrmann; Erwin Kern; Richard Rau,Germany,1912-07-08,42.3,42.3,,
4x100m_relays,men,Jackson Scholz; Loren Murchison; Morris Kirksey; Charley Paddock,United States,1920-08-22,42.2,42.2,,
4x100m_relays,men,Harold Abrahams; Walter Rangeley; Lancelot Royle; Wilfred Nichol,United Kingdom,1924-07-12,42.0,42.0,,
4x100m_relays,men,Jaap Boot; Harry Broos; Jan de Vries; Rinus van den Berge,Netherlands,1924-07-12,42.0,42.0,,
4x100m_relays,men,Frank Hussey; Louis Clarke; Loren Murchison; Alfred LeConey,United States,1924-07-13,41.0,41.0,,
4x100m_relays,men,Chester Bowman; John Currie; James Pappas; Henry Cummings,United States,1927-07-04,41.0y,41.0,,
4x100m_relays,men,Ernst Geerling; Friedrich-Wilhelm Wichmann; Adolf Metzner; Hans Salz,Germany,1928-06-10,41.0,41.0,,
4x100m_relays,men,Frank Wykoff; James Quinn; Charles Borah; Henry Russell,United States,1928-08-05,41.0,41.0,,
4x100m_relays,men,Arthur Jonath; Richard Corts; Hubert Houben; Helmut Körnig,Germany,1928-09-02,41.0,41.0,,
4x100m_relays,men,Helmut Körnig; Wilhelm Grosser; Alex Natan; Hermann Schlöske,Germany,1929-07-22,40.8,40.8,,
4x100m_relays,men,Roy Delby; Milton Maurer; Maurice Guyer; Frank Wykoff,United States,1931-05-09,40.8y,40.8,,
4x100m_relays,men,Helmut Körnig; Georg Lammers; Erich Borchmeyer; Arthur Jonath,Germany,1932-06-14,40.6,40.6,,
4x100m_relays,men,Bob Kiesel; Emmett Toppino; Hector Dyer; Frank Wykoff,United States,1932-08-07,40.0,40.0,,40.1
4x100m_relays,men,Jesse Owens; Ralph Metcalfe; Foy Draper; Frank Wykoff,United States,1936-08-09,39.8,39.8,,
4x100m_relays,men,Ira Murchison; Leamon King; Thane Baker; Bobby Morrow,United States,1956-12-01,39.5,39.5,,39.6
4x100m_relays,men,Manfred Steinbach; Martin Lauer; Heinz Fütterer; Manfred Germar,West Germany,1958-08-29,39.5,39.5,,
4x100m_relays,men,Bernd Cullmann; Armin Hary; Walter Mahlendorf; Martin Lauer,Germany,1960-09-07,39.5,39.5,,39.61
4x100m_relays,men,Bernd Cullmann; Armin Hary; Walter Mahlendorf; Martin Lauer,Germany,1960-09-08,39.5,39.5,,39.66
4x100m_relays,men,Hayes Jones; Frank Budd; Charles Frazier; Paul Drayton,United States,1961-07-15,39.1,39.1,,
4x100m_relays,men,Paul Drayton; Gerry Ashworth; Richard Stebbins; Bob Hayes,United States,1964-10-21,39.0,39.0,,39.06
4x100m_relays,men,Errol Stewart; Michael Fray; Clifton Forbes; Lennox Miller,Jamaica,1968-10-19,38.6,38.6,,38.65
4x100m_relays,men,Errol Stewart; Michael Fray; Clifton Forbes; Lennox Miller,Jamaica,1968-10-19,38.3,38.3,,38.39
4x100m_relays,men,Charles Greene; Mel Pender; Ronnie Ray Smith; Jim Hines,United States,1968-10-20,38.2,38.2,,38.24
4x100m_relays,men,Larry Black; Robert Taylor; Gerald Tinker; Eddie Hart,United States,1972-09-10,38.19,38.19,,
4x100m_relays,men,Bill Collins; Steve Riddick; Cliff Wiley; Steve Williams,United States,1977-09-03,38.03,38.03,,
4x100m_relays,men,Emmit King; Willie Gault; Calvin Smith; Carl Lewis,United States,1983-08-10,37.86,37.86,,
4x100m_relays,men,Sam Graddy; Ron Brown; Calvin Smith; Carl Lewis,United States,1984-08-11,37.83,37.83,,
4x100m_relays,men,Max Morinière; Daniel Sangouma; Jean-Charles Trouabal; Bruno Marie-Rose,France,1990-09-01,37.79,37.79,,
4x100m_relays,men,Michael Marsh; Leroy Burrell; Floyd Heard; Carl Lewis,United States,1991-08-03,37.79,37.79,,
4x100m_relays,men,Michael Marsh; Leroy Burrell; Dennis Mitchell; Carl Lewis,United States,1991-08-07,37.67,37.67,,
4x100m_relays,men,Andre Cason; Leroy Burrell; Dennis Mitchell; Carl Lewis,United States,1991-09-01,37.50,37.5,,
4x100m_relays,men,Michael Marsh; Leroy Burrell; Dennis Mitchell; Carl Lewis,United States,1992-08-08,37.40,37.4,,
4x100m_relays,men,Jon Drummond; Andre Cason; Dennis Mitchell; Leroy Burrell,United States,1993-08-21,37.40,37.4,,
4x100m_relays,men,Nesta Carter; Michael Frater; Usain Bolt; Asafa Powell,Jamaica,2008-08-22,37.10,37.1,,
4x100m_relays,men,Steve Mullings; Michael Frater; Usain Bolt; Asafa Powell,Jamaica,2009-08-22,37.31,37.31,,
4x100m_relays,men,Nesta Carter; Michael Frater; Yohan Blake; Usain Bolt,Jamaica,2011-09-04,37.04,37.04,,
4x100m_relays,men,Nesta Carter; Michael Frater; Yohan Blake; Usain Bolt,Jamaica,2012-08-11,36.84,36.84,,
4x100m_relays,women,Marie Mejzlíková I; Marie Bakovská; Marie Jirásková; Marie Mejzlíková II,,1922-05-21,53.2,53.2,,
4x100m_relays,women,Mary Lines; Daisy Leach; Gwendoline Porter; Nora Callebout,,1922-08-20,51.4+,51.4,,
4x100m_relays,women,Lilli Henoch; Charlotte Köhler; Gerda Pöting; Cläre Voss,,1926-07-11,50.4,50.4,,
4x100m_relays,women,Anneliese Jacke; Lieselotte Hellmann; Rose Drieling; Ilse Drieling,,1927-08-07,50.0,50.0,,
4x100m_relays,women,Georgette Gagneux; Lucienne Velu; Simone Warnier; Marguerite Radideau,,1928-07-15,50.0,50.0,,
4x100m_relays,women,Rosa Kellner; Luise Holzer; Agathe Karrer; Lisa Gelius,,1928-07-15,49.8,49.8,,
4x100m_relays,women,Fanny Rosenfeld; Etle Smith; Florence Bell; Myrtle Cook,,1928-08-05,48.4,48.4,,
4x100m_relays,women,Ottilie Fleischer; Detta Lorenz; Emmi Haux; Charlotte Köhler,,1929-06-30,49.0,49.0,,
4x100m_relays,women,Rosa Kellner; Luise Holzer; Agathe Karrer; Lisa Gelius,,1929-07-21,49.0,49.0,,
4x100m_relays,women,Rosa Kellner; Luise Holzer; Agathe Karrer; Lisa Gelius,,1930-07-20,48.8,48.8,,
4x100m_relays,women,Mary Carew; Evelyn Furtsch; Annette Rogers; Billie von Bremen,,1932-08-07,46.9,46.9,,
4x100m_relays,women,Emmy Albus; Käthe Krauß; Marie Dollinger; Grete Winkels,,1936-06-21,46.5,46.5,,
4x100m_relays,women,Emmy Albus; Käthe Krauß; Marie Dollinger; Ilse Dörffeldt,,1936-08-08,46.4,46.4,,
4x100m_relays,women,Shirley de la Hunty; Verna Johnston; Winsome Cripps; Marjorie Jackson,,1952-07-27,46.1,46.1,,46.23
4x100m_relays,women,Mae Faggs; Barbara Jones; Janet Moreau; Catherine Hardy,,1952-07-27,45.9,45.9,,46.14
4x100m_relays,women,Ursula Knab; Maria Sander; Helga Klein; Marga Petersen,,1952-07-27,45.9,45.9,,46.18
4x100m_relays,women,Vera Kalashnikova; Sinaida Safronova; Nadezhda Khnykina; Irina Turova,,1953-09-20,45.6,45.6,,
4x100m_relays,women,Lidia Polinitschenko; Galina Vinogradova; Sinaida Safronova; Maria Itkina,,1955-09-11,45.6,45.6,,
4x100m_relays,women,Vera Krepkina; Olga Kosheleva; Maria Itkina; Irina Botskarova,,1956-07-27,45.2,45.2,,
4x100m_relays,women,Erika Fisch; Gisela Köhler; Christa Stubnick; Bärbel Mayer,,1956-09-30,45.1,45.1,,
4x100m_relays,women,Maria Sander; Christa Stubnick; Gisela Köhler; Bärbel Mayer,,1956-12-01,44.9,44.9,,45.07
4x100m_relays,women,Shirley de la Hunty; Norma Croker; Fleur Mellor; Betty Cuthbert,,1956-12-01,44.5,44.5,,44.65
4x100m_relays,women,Shirley de la Hunty; Norma Croker; Fleur Mellor; Betty Cuthbert,,1956-12-01,44.9,44.9,,45.0
4x100m_relays,women,Martha Hudson; Lucinda Williams; Barbara Jones; Wilma Rudolph,,1960-09-07,44.4,44.4,,44.51
4x100m_relays,women,Willye White; Ernestine Pollards; Vivianne Brown; Wilma Rudolph,,1961-07-15,44.3,44.3,,
4x100m_relays,women,Willye White; Wyomia Tyus; Marilyn White; Edith McGuire,,1964-10-21,43.9,43.9,,43.92
4x100m_relays,women,Lilia Tkatshenko; Galina Bukharina; Vera Popkova; Lyudmila Samotyosova,,1968-08-16,43.9,43.9,,
4x100m_relays,women,Lyudmila Zharkova; Galina Bukharina; Vera Popkova; Lyudmila Samotyosova,,1968-09-27,43.6,43.6,,
4x100m_relays,women,Barbara Ferrell; Margaret Bailes; Mildrette Netter; Wyomia Tyus,,1968-10-19,43.4,43.4,,43.5
4x100m_relays,women,Wilma van den Berg; Mieke Sterk; Truus Hennipman; Corrie Bakker,,1968-10-19,43.4,43.4,,43.49
4x100m_relays,women,Barbara Ferrell; Margaret Bailes; Mildrette Netter; Wyomia Tyus,,1968-10-20,42.8,42.8,,42.88
4x100m_relays,women,Christiane Krause; Ingrid Mickler-Becker; Annegret Richter; Heide Rosendahl,,1972-09-10,42.8,42.8,,42.81
4x100m_relays,women,Petra Kandarr; Renate Stecher; Christina Heinich; Doris Selmigkeit,,1973-09-01,42.6,42.6,,
4x100m_relays,women,Doris Maletzki; Renate Stecher; Christina Heinich; Bärbel Eckert,,1974-08-24,42.6,42.6,,
4x100m_relays,women,Doris Maletzki; Renate Stecher; Christina Heinich; Bärbel Eckert,,1974-09-08,42.51,42.51,,42.51
4x100m_relays,women,Marlies Oelsner; Renate Stecher; Carla Bodendorf; Martina Blos,,1976-05-29,42.50,42.5,,
4x100m_relays,women,Johanna Klier; Monika Hamann; Carla Bodendorf; Marlies Göhr,,1978-08-19,42.27,42.27,,
4x100m_relays,women,Marita Koch; Romy Schneider; Ingrid Auerswald; Marlies Göhr,,1979-06-10,42.10,42.1,,
4x100m_relays,women,Christina Brehmer; Romy Schneider; Ingrid Auerswald; Marlies Göhr,,1979-08-04,42.09,42.09,,
4x100m_relays,women,Romy Müller; Bärbel Wöckel; Ingrid Auerswald; Marlies Göhr,,1980-07-09,42.09,42.09,,
4x100m_relays,women,Romy Müller; Bärbel Wöckel; Ingrid Auerswald; Marlies Göhr,,1980-07-13,41.85,41.85,,
4x100m_relays,women,Romy Müller; Bärbel Wöckel; Ingrid Auerswald; Marlies Göhr,,1980-08-01,41.60,41.6,,
4x100m_relays,women,Silke Gladisch; Marita Koch; Ingrid Auerswald; Marlies Göhr,,1983-07-31,41.53,41.53,,
4x100m_relays,women,Silke Gladisch; Sabine Rieger; Ingrid Auerswald; Marlies Göhr,,1985-10-06,41.37,41.37,,
4x100m_relays,women,Tianna Madison; Allyson Felix; Bianca Knight; Carmelita Jeter,,2012-08-10,40.82,40.82,,
4x400m_relays,men,Harry Schaaf; Mel Sheppard; Harry Gissing; James Rosenberger,United States,1911-09-04,3:18.2Â y,198.2,,
4x400m_relays,men,Mel Sheppard; Charles Reidpath; Ted Meredith; Edward Lindberg,United States,1912-06-15,3:16.6,196.6,,
4x400m_relays,men,Commodore Cochran; Alan Helffrich; Oliver MacDonald; William Stevenson,United States,1924-07-13,3:16.0,196.0,,
4x400m_relays,men,George Baird; Emerson Spencer; Fred Alderman; Ray Barbuti,United States,1928-08-05,3:14.2,194.2,,
4x400m_relays,men,George Baird; Morgan Taylor; Ray Barbuti; Emerson Spencer,United States,1928-08-11,3:13.4Â y,193.4,,
4x400m_relays,men,Maynor Shore; Alvin Hables; Leslie Hables; Ben Eastman,United States,1931-05-08,3:12.6Â y,192.6,,
4x400m_relays,men,Ivan Fuqua; Ed Ablowich; Karl Warner; Bill Carr,United States,1932-08-07,3:08.2,188.2,,3:08.14
4x400m_relays,men,Arthur Wint; Leslie Laing; Herb McKenley; George Rhoden,Jamaica,1952-07-27,3:03.9,183.9,,3:04.04
4x400m_relays,men,Jack Yerman; Earl Young; Glenn Davis; Otis Davis,United States,1960-09-08,3:02.2,182.2,,3:02.37
4x400m_relays,men,Ollan Cassell; Mike Larrabee; Ulis Williams; Henry Carr,United States,1964-10-21,3:00.7,180.7,,
4x400m_relays,men,Robert Frey; Lee Evans; Tommie Smith; Theron Lewis,United States,1966-07-24,2:59.6,179.6,,
4x400m_relays,men,Vincent Matthews; Ron Freeman; Larry James; Lee Evans,United States,1968-10-20,2:56.2,176.2,,2:56.16[4]
4x400m_relays,men,Danny Everett; Steve Lewis; Kevin Robinzine; Butch Reynolds,United States,1988-10-01,2:56.16,176.16,,-
4x400m_relays,men,Andrew Valmon; Quincy Watts; Michael Johnson; Steve Lewis,United States,1992-08-08,2:55.74,175.74,,-
4x400m_relays,men,Andrew Valmon; Quincy Watts; Butch Reynolds; Michael Johnson,United States,1993-08-22,2:54.29,174.29,,-
4x400m_relays,women,Ljubov Finogenova; Tatjana Medvedeva; Tamara Voitenko; Olga Klein,,1969-05-30,3:47.4,227.4,,
4x400m_relays,women,Lilita Zāģere; Anna Dundare; Ingrīda Verbele; Sarmīte Štūla,,1969-06-01,3:43.2,223.2,,
4x400m_relays,women,Jenny Pawsey; Pauline Attwood; Janet Simpson; Lillian Board,,1969-06-22,3:37.6,217.6,,
4x400m_relays,women,Michele Mombet; Éliane Jacq; Nicole Duclos; Colette Besson,,1969-07-06,3:34.2,214.2,,
4x400m_relays,women,Christa Czekay; Antje Gleichfeld; Inge Eckhoff; Christel Frese,,1969-09-19,3:33.9,213.9,,
4x400m_relays,women,Rosemary Stirling; Pat Lowe; Janet Simpson; Lillian Board,,1969-09-20,3:30.8,210.8,,3:30.82
4x400m_relays,women,Bernadette Martin; Nicole Duclos; Éliane Jacq; Colette Besson,,1969-09-20,3:30.8,210.8,,3:30.85
4x400m_relays,women,Rita Kühne; Ingelore Lohse; Helga Seidler; Monika Zehrt,,1971-08-15,3:29.3,209.3,,3:29.28
4x400m_relays,women,Dagmar Käsling; Rita Kühne; Monika Zehrt; Brigitte Rohde,,1972-07-05,3:28.8,208.8,,
4x400m_relays,women,Dagmar Käsling; Rita Kühne; Helga Seidler; Monika Zehrt,,1972-09-09,3:28.5,208.5,,3:28.48
4x400m_relays,women,Dagmar Käsling; Rita Kühne; Helga Seidler; Monika Zehrt,,1972-09-10,3:23.0,203.0,,3:22.95
4x400m_relays,women,Doris Maletzki; Brigitte Rohde; Ellen Streidt; Christina Brehmer,,1976-07-31,3:19.2,199.2,,3:19.23
4x400m_relays,women,Kirsten Siemon; Sabine Busch; Dagmar Rübsam; Marita Koch,,1982-09-11,3:19.04,199.04,,
4x400m_relays,women,Gesine Walther; Sabine Busch; Dagmar Rübsam; Marita Koch,,1984-06-03,3:15.92,195.92,,
4x400m_relays,women,Tatyana Ledovskaya; Olga Nazarova; Mariya Pinigina; Olga Bryzgina,,1988-10-01,3:15.17,195.17,,
5000m,men,George Touquet-Daunis,FRA,1897-10-31,16:34.6,994.6,,
5000m,men,George Touquet-Daunis,FRA,1899-05-22,16:29.2,989.2,,
5000m,men,Charles Bennett,GBR,1900-07-22,15:29.8,929.8,,
5000m,men,Alfred Shrubb,GBR,1904-06-13,14:59.0,899.0,,
5000m,men,Hannes Kolehmainen,FIN,1912-07-10,14:36.6,876.6,,
5000m,men,Paavo Nurmi,FIN,1922-09-12,14:35.4,875.4,,
5000m,men,Paavo Nurmi,FIN,1924-06-19,14:28.2,868.2,,
5000m,men,Lauri Lehtinen,FIN,1932-06-19,14:17.0,857.0,,
5000m,men,Taisto Mäki,FIN,1939-06-16,14:08.8,848.8,,
5000m,men,Gunder Hägg,SWE,1942-09-20,13:58.2,838.2,,
5000m,men,Emil Zátopek,TCH,1954-05-30,13:57.2,837.2,,
5000m,men,Vladimir Kuts,URS,1954-08-29,13:56.6,836.6,,
5000m,men,Chris Chataway,GBR,1954-10-13,13:51.6,831.6,,
5000m,men,Vladimir Kuts,URS,1954-10-23,13:51.2,831.2,,
5000m,men,Sandor Iharos,HUN,1955-09-10,13:50.8,830.8,,
5000m,men,Vladimir Kuts,URS,1955-09-18,13:46.8,826.8,,
5000m,men,Sandor Iharos,HUN,1955-10-23,13:40.6,820.6,,
5000m,men,Gordon Pirie,GBR,1956-06-19,13:36.8,816.8,,
5000m,men,Vladimir Kuts,URS,1957-10-13,13:35.0,815.0,,
5000m,men,Ron Clarke,AUS,1965-01-16,13:34.8,814.8,,
5000m,men,Ron Clarke,AUS,1965-02-01,13:33.6,813.6,,
5000m,men,Ron Clarke,AUS,1965-06-04,13:25.8,805.8,,
5000m,men,Kipchoge Keino,KEN,1965-11-30,13:24.2,804.2,,
5000m,men,Ron Clarke,AUS,1966-07-05,13:16.6,796.6,,
5000m,men,Lasse Virén,FIN,1972-09-14,13:16.4,796.4,,
5000m,men,Emiel Puttemans,BEL,1972-09-20,13:13.0,793.0,,
5000m,men,Dick Quax,NZL,1977-07-05,13:12.9,792.9,,
5000m,men,Henry Rono,KEN,1978-04-08,13:08.4,788.4,,
5000m,men,Henry Rono,KEN,1981-09-13,13:06.20,786.2,,
5000m,men,David Moorcroft,GBR,1982-07-07,13:00.41,780.41,,
5000m,men,Saïd Aouita,MAR,1985-07-27,13:00.40,780.4,,
5000m,men,Saïd Aouita,MAR,1987-07-27,12:58.39,778.39,,
5000m,men,Haile Gebrselassie,ETH,1994-06-04,12:56.96,776.96,,
5000m,men,Moses Kiptanui,KEN,1995-06-08,12:55.30,775.3,,
5000m,men,Haile Gebrselassie,ETH,1995-08-16,12:44.39,764.39,,
5000m,men,Haile Gebrselassie,ETH,1997-08-13,12:41.86,761.86,,
5000m,men,Daniel Komen,KEN,1997-08-22,12:39.74,759.74,,
5000m,men,Haile Gebrselassie,ETH,1998-06-13,12:39.36,759.36,,
5000m,men,Kenenisa Bekele,ETH,2004-05-31,12:37.35,757.35,,
5000m,men,Joshua Cheptegei,UGA,2020-08-14,12:35.36,755.36,,
5000m,women,Paola Pigni,ITA,1969-05-11,16:17.4,977.4,,
5000m,women,Paola Pigni,ITA,1969-09-02,15:53.6,953.6,,
5000m,women,Natalia Mărășescu,ROM,1977-03-16,15:41.4,941.4,,
5000m,women,Janice Merrill,USA,1977-07-11,15:37.0,937.0,,
5000m,women,Kathy Mills,USA,1978-05-26,15:35.52,935.52,,
5000m,women,Janice Merrill,USA,1979-05-19,15:33.8,933.8,,
5000m,women,Janice Merrill,USA,1980-03-22,15:30.6,930.6,,
5000m,women,Ingrid Kristiansen,NOR,1981-07-11,15:28.43,928.43,,
5000m,women,Yelena Sipatova,URS,1981-09-06,15:24.6,924.6,,
5000m,women,Paula Fudge,GBR,1981-09-13,15:14.51,914.51,,
5000m,women,Anne Audain,NZL,1982-03-17,15:13.22,913.22,,
5000m,women,Mary Tabb,USA,1982-06-05,15:08.26,908.26,,
5000m,women,Zola Budd,RSA,1984-01-05,15:01.83Â [a],901.83,,
5000m,women,Ingrid Kristiansen,NOR,1984-06-28,14:58.89,898.89,,
5000m,women,Zola Budd,GBR,1985-08-26,14:48.07,888.07,,
5000m,women,Ingrid Kristiansen,NOR,1986-08-05,14:37.33,877.33,,
5000m,women,Fernanda Ribeiro,POR,1995-07-22,14:36.45,876.45,,
5000m,women,Dong Yanmei,CHN,1997-10-21,14:31.27,871.27,,
5000m,women,Jiang Bo,CHN,1997-10-23,14:28.09,868.09,,
5000m,women,Elvan Abeylegesse,TUR,2004-06-11,14:24.68,864.68,,
5000m,women,Meseret Defar,ETH,2006-06-03,14:24.53,864.53,,
5000m,women,Meseret Defar,ETH,2007-06-15,14:16.63,856.63,,
5000m,women,Tirunesh Dibaba,ETH,2008-06-06,14:11.15,851.15,,
5000m,women,Letesenbet Gidey,ETH,2020-10-07,14:06.62,846.62,,
5000m,women,Faith Kipyegon,KEN,2023-06-09,14:05.20,845.2,,
5000m,women,Gudaf Tsegay,ETH,2023-09-17,14:00.21,840.21,,
5000m,women,Beatrice Chebet,KEN,2025-07-05,13:58.06,838.06,,
800m,men,J. Blackwood,Great Britain,1857-04-25,2.05.0y,125.0,,
800m,men,Wiliam Way,Great Britain,1859-11-25,2.04.0y,124.0,,
800m,men,Charlie Grey,Ireland,1861-06-27,2.03.0y,123.0,,
800m,men,Percy Thornton,Great Britain,1865-12-16,2.03.0y,123.0,,
800m,men,Percy Thornton,Great Britain,1865-12-16,2.02.5y,122.5,,
800m,men,Francis Pelham,Great Britain,1867-03-23,2.02.4y,122.4,,
800m,men,Kinross Gair,Great Britain,1867-06-26,2.01.0y,121.0,,
800m,men,George Templer,United States,1872-03-27,2.01.0y,121.0,,
800m,men,Thomas Christie,United States,1872-03-27,2.01.0y,121.0,,
800m,men,Arthur Pelham,Great Britain,1873-03-26,1.59.8y,119.8,,
800m,men,Walter Slade,Great Britain,1876-06-05,1.59.5y,119.5,,
800m,men,Walter Slade,Great Britain,1876-06-06,1.58.8y,118.8,,
800m,men,Walter Slade,Great Britain,1876-06-10,1.58.2y,118.2,,
800m,men,Frederic Elborough,Great Britain,1876-10-07,1.57.5y,117.5,,
800m,men,Lawrence Myers,United States,1880-07-17,1.56.2y,116.2,,
800m,men,Lawrence Myers,United States,1881-07-02,1.55.8y,115.8,,
800m,men,Lawrence Myers,United States,1881-10-08,1.55.6y,115.6,,
800m,men,Lawrence Myers,United States,1882-09-16,1.55.6y,115.6,,
800m,men,Lawrence Myers,United States,1884-07-07,1.55.4y,115.4,,
800m,men,Lawrence Myers,United States,1885-10-03,1.55.4y,115.4,,
800m,men,Francis Cross,Great Britain,1888-03-09,1.54.6y,114.6,,
800m,men,Walter Dohm,United States,1891-09-19,1.54.5y,114.5,,
800m,men,Charles Kilpatrick,United States,1895-09-21,1.53.4y,113.4,,
800m,men,Melvin Sheppard,United States,1908-07-21,1.52.8,112.8,,
800m,men,Emilio Lunghi,Italy,1909-09-15,1.52.1y,112.1,,
800m,men,Ted Meredith,USA,1912-07-08,1:51.9+,111.9,,
800m,men,Otto Peltzer,GER,1926-07-03,1:51.6y,111.6,,
800m,men,Sera Martin,FRA,1928-07-14,1:50.6,110.6,,
800m,men,Tommy Hampson,GBR,1932-08-02,1:49.8,109.8,,1:49.70
800m,men,Ben Eastman,USA,1934-06-16,1:49.8y,109.8,,
800m,men,Glenn Cunningham,USA,1936-08-20,1:49.7,109.7,,
800m,men,Elroy Robinson,USA,1937-07-11,1:49.6y,109.6,,
800m,men,Sydney Wooderson,GBR,1938-08-20,1:48.4+,108.4,,
800m,men,Rudolf Harbig,GER,1939-07-15,1:46.6,106.6,,
800m,men,Roger Moens,BEL,1955-08-03,1:45.7,105.7,,
800m,men,Peter Snell,NZL,1962-02-03,1:44.3+,104.3,,
800m,men,Ralph Doubell,AUS,1968-10-15,1:44.3,104.3,,1:44.40
800m,men,Dave Wottle,USA,1972-07-01,1:44.3,104.3,,
800m,men,Marcello Fiasconaro,ITA,1973-06-27,1:43.7,103.7,,
800m,men,Alberto Juantorena,CUB,1976-07-25,1:43.5,103.5,,1:43.50
800m,men,Alberto Juantorena,CUB,1977-08-21,1:43.4,103.4,,1:43.44
800m,men,Sebastian Coe,GBR,1979-07-05,1:42.4,102.4,,1:42.33
800m,men,Sebastian Coe,GBR,1981-06-10,1:41.73,101.73,,
800m,men,Wilson Kipketer,DEN,1997-07-07,1:41.73,101.73,,
800m,men,Wilson Kipketer,DEN,1997-08-13,1:41.24,101.24,,
800m,men,Wilson Kipketer,DEN,1997-08-24,1:41.11,101.11,,
800m,men,David Rudisha,KEN,2010-08-22,1:41.09,101.09,,
800m,men,David Rudisha,KEN,2010-08-29,1:41.01,101.01,,
800m,men,David Rudisha,KEN,2012-08-09,1:40.91,100.91,,
800m,women,Georgette Lenoir,FRA,1922-08-20,2:30.4+,150.4,,
800m,women,Mary Lines,GBR,1922-08-30,2:26.6y,146.6,,
800m,women,Lina Radke,GER,1927-08-07,2:23.8,143.8,,
800m,women,Inga Gentzel,SWE,1928-06-16,2:20.4,140.4,,
800m,women,Lina Radke,GER,1928-07-01,2:19.6,139.6,,
800m,women,Lina Radke,GER,1928-08-02,2:16.8,136.8,,
800m,women,Zdeněk Koubek,CSK,1934-06-14,2:16.4*,136.4,,
800m,women,Zdeněk Koubek,CSK,1934-08-10,2:12.4*,132.4,,
800m,women,Anna Larsson,SWE,1944-08-28,2:15.9,135.9,,
800m,women,Anna Larsson,SWE,1945-08-19,2:14.8,134.8,,
800m,women,Anna Larsson,SWE,1945-08-30,2:13.8,133.8,,
800m,women,Yevdokiya Vasilyeva,URS,1950-07-17,2:13.0,133.0,,
800m,women,Valentina Pomogayeva,URS,1951-07-26,2:12.2,132.2,,
800m,women,Nina Otkalenko,URS,1951-08-26,2:12.0,132.0,,
800m,women,Nina Otkalenko,URS,1952-06-15,2:08.5,128.5,,
800m,women,Nina Otkalenko,URS,1953-08-27,2:07.3,127.3,,
800m,women,Nina Otkalenko,URS,1954-09-16,2:06.6,126.6,,
800m,women,Nina Otkalenko,URS,1955-09-24,2:05.0,125.0,,
800m,women,Lyudmila Shevtsova,URS,1960-07-03,2:04.3,124.3,,
800m,women,Lyudmila Shevtsova,URS,1960-09-07,2:04.3,124.3,,2:04.50
800m,women,Dixie Willis,AUS,1962-03-03,2:01.2+,121.2,,
800m,women,Ann Packer,GBR,1964-10-20,2:01.1,121.1,,
800m,women,Judy Pollock,AUS,1967-06-28,2:01.0,121.0,,
800m,women,Vera Nikolic,YUG,1968-07-20,2:00.5,120.5,,
800m,women,Hildegard Falck,FRG,1971-07-11,1:58.5,118.5,,1:58.45
800m,women,Svetla Zlateva,BUL,1973-08-24,1:57.5,117.5,,1:57.48
800m,women,Valentina Gerasimova,URS,1976-06-12,1:56.0,116.0,,
800m,women,Tatyana Kazankina,URS,1976-07-26,1:54.9,114.9,,1:54.94
800m,women,Nadezhda Olizarenko,URS,1980-06-12,1:54.9,114.9,,1:54.85
800m,women,Nadezhda Olizarenko,URS,1980-07-27,1:53.5,113.5,,1:53.43
800m,women,Jarmila Kratochvílová,TCH,1983-07-26,1:53.28,113.28,,
